Data Date (UTC),City ID Number,City Name,Country,Latitude,Longitude,Temperature (F),Humidity,Cloudiness,Wind Speed (MPH)
1557551104,2208248,Kaitangata,NZ,-46.28,169.85,55.0,78,100,1.01
1557550844,5106834,Albany,US,42.65,-73.75,50.32,87,90,6.93
1557551159,1254709,Tezu,IN,27.93,96.16,72.53,74,97,3.71
1557551159,2110227,Butaritari,KI,3.07,172.79,84.23,80,73,13.6
1557551160,4030556,Rikitea,PF,-23.12,-134.97,77.57,85,72,14.2
1557551160,1056899,Sambava,MG,-14.27,50.17,74.15,94,33,3.58
1557551160,2022572,Khatanga,RU,71.98,102.47,27.89,84,0,10.92
1557551085,2075265,Busselton,AU,-33.64,115.35,71.31,30,91,12.55
1557550997,3874787,Punta Arenas,CL,-53.16,-70.91,39.11,80,75,20.8
1557550872,2538474,Rabat,MA,34.02,-6.83,56.66,93,0,1.12
1557551162,4034496,Fare,PF,-16.7,-151.02,83.15,78,60,11.68
1557549000,2270385,Camacha,PT,33.08,-16.33,66.2,82,40,10.29
1557549000,123941,Minab,IR,27.15,57.07,90.55,38,37,4.7
1557551162,2123814,Leningradskiy,RU,69.38,178.42,19.79,88,59,6.02
1557547200,108410,Riyadh,SA,24.63,46.72,86.0,22,75,9.28
1557551163,1651810,Airai,TL,-8.93,125.41,85.85,59,68,7.11
1557551110,2179103,Whitianga,NZ,-36.83,175.7,64.99,79,79,4.5
1557547200,5882953,Aklavik,CA,68.22,-135.01,41.0,60,90,10.29
1557551046,1106677,Bambous Virieux,MU,-20.34,57.76,77.5,53,75,11.41
1557551164,2126199,Cherskiy,RU,68.75,161.3,31.85,95,96,8.52
1557550542,2112802,Hasaki,JP,35.73,140.83,79.65,50,75,12.75
1557551099,6693679,Gizo,IL,31.8,34.94,61.77,67,0,2.24
1557551166,3863379,Mar del Plata,AR,-46.43,-67.52,57.05,60,100,29.15
1557551166,3831208,Qaanaaq,GL,77.48,-69.36,21.23,70,100,4.05
1557551166,3388847,Sao Felix do Xingu,BR,-6.64,-51.99,70.91,98,95,1.7
1557551167,556268,Ostrovnoy,RU,68.05,39.51,41.93,86,99,12.86
1557551167,1014034,Carnarvon,ZA,-30.97,22.13,55.25,35,0,6.17
1557546960,5554428,Ketchikan,US,55.34,-131.65,54.23,76,40,23.04
1557551168,4020109,Atuona,PF,-9.8,-139.03,83.15,77,2,18.48
1557551169,3421193,Paamiut,GL,61.99,-49.67,36.35,94,98,6.85
1557550975,6185377,Yellowknife,CA,62.45,-114.38,34.54,69,75,4.7
1557551169,2015852,Svetlaya,RU,46.54,138.33,52.01,48,8,6.17
1557551170,3466980,Caravelas,BR,-17.73,-39.27,74.15,76,29,2.08
1557550903,3366880,Hermanus,ZA,-34.42,19.24,54.21,85,77,3.0
1557547200,1273574,Vaini,IN,15.34,74.49,86.0,37,0,5.82
1557551168,4501427,Port Elizabeth,US,39.31,-74.98,66.0,94,63,8.05
1557547200,1006984,East London,ZA,-33.02,27.91,51.8,93,0,4.7
1557551021,4407665,Kodiak,US,39.95,-94.76,53.24,66,90,3.36
1557549000,584051,Svetlogorsk,RU,53.14,59.15,68.0,56,75,6.71
1557547200,3833367,Ushuaia,AR,-54.81,-68.31,42.8,75,40,17.22
1557551173,3833859,Barrow,AR,-38.31,-60.23,50.39,91,50,8.9
1557547200,3374120,Vila do Maio,CV,15.13,-23.22,68.0,82,0,5.82
1557551174,1714733,Dingle,PH,11.0,122.67,92.69,46,68,6.44
1557550921,3870243,Taltal,CL,-25.41,-70.49,56.33,73,0,3.69
1557551175,2337542,Naze,NG,5.43,7.07,76.85,89,100,1.9
1557550977,3369157,Cape Town,ZA,-33.93,18.42,57.87,93,0,6.93
1557550992,4033356,Tiarei,PF,-17.53,-149.33,82.18,74,75,1.12
1557551176,1242110,Kalmunai,LK,7.42,81.82,93.95,51,20,4.03
1557551176,3372707,Ribeira Grande,PT,38.52,-28.7,64.79,91,66,29.3
1557551177,2175403,Bluff,AU,-23.58,149.07,71.45,23,0,19.44
1557549000,2377450,Nouakchott,MR,18.08,-15.98,66.2,93,0,10.29
1557551144,2063036,Port Lincoln,AU,-34.72,135.86,59.57,74,91,13.8
1557551178,2181625,Te Anau,NZ,-45.41,167.72,48.05,85,100,4.81
1557551178,2278158,Buchanan,LR,5.88,-10.05,83.15,77,40,6.4
1557551046,934322,Mahebourg,MU,-20.41,57.7,77.52,53,75,11.41
1557551037,1689431,San Jose,PH,15.79,120.99,94.67,46,86,13.38
1557551180,3567834,Baracoa,CU,20.35,-74.5,79.37,80,7,11.74
1557551180,371745,Kutum,SD,14.2,24.66,81.17,15,12,6.85
1557551079,5847411,Kahului,US,20.89,-156.47,73.35,61,40,12.75
1557551181,2409215,Mattru,SL,7.62,-11.83,78.47,92,52,2.04
1557546600,3424607,Tasiilaq,GL,65.61,-37.64,30.2,74,4,5.82
1557551091,2155562,Nelson Bay,AU,-32.72,152.14,69.55,37,75,17.22
1557551182,3658195,Feijo,EC,-3.63,-79.92,72.89,86,54,1.54
1557550806,6201424,Mataura,NZ,-46.19,168.86,60.01,71,100,3.89
1557549000,3372472,Vila Franca do Campo,PT,37.72,-25.43,64.4,93,75,11.41
1557551183,3412093,Vestmannaeyjar,IS,63.44,-20.27,37.97,53,0,12.03
1557551183,3380290,Sinnamary,GF,5.38,-52.96,81.17,82,86,16.33
1557551184,1139085,Jurm,AF,36.86,70.83,64.07,32,1,3.0
1557551181,5855927,Hilo,US,19.71,-155.08,71.1,69,1,6.93
1557551184,2122090,Pevek,RU,69.7,170.27,28.97,71,88,0.78
1557550928,2160063,Codrington,AU,-28.95,153.24,71.78,30,0,16.11
1557551185,3347019,Namibe,AO,-15.19,12.15,74.15,80,0,7.34
1557551185,1214488,Meulaboh,ID,4.14,96.13,84.59,72,100,8.3
1557551138,546105,Nikolskoye,RU,59.7,30.79,53.6,100,90,6.71
1557551011,3453186,Ponta Grossa,BR,-25.09,-50.16,64.25,99,100,4.23
1557551186,4031574,Provideniya,RU,64.42,-173.23,34.19,76,81,8.77
1557551041,6620339,Karratha,AU,-20.74,116.85,82.79,16,0,18.68
1557551114,2067070,Palmer,AU,-34.85,139.16,60.48,77,75,10.29
1557551187,2069194,Jamestown,AU,-33.21,138.6,58.31,69,62,8.88
1557550800,3897774,Buin,CL,-33.73,-70.74,44.6,75,0,3.18
1557551188,3453439,Ponta do Sol,BR,-20.63,-46.0,62.27,98,93,3.18
1557549000,3372783,Ponta Delgada,PT,37.73,-25.67,64.4,93,75,11.41
1557550931,6255012,Flinders,AU,-34.58,150.85,66.9,37,40,12.75
1557549000,1733782,Victoria,BN,5.28,115.24,87.37,70,75,3.36
1557551143,1791464,Wenling,CN,28.38,121.38,84.04,56,22,5.99
1557547200,6170031,Tuktoyaktuk,CA,69.44,-133.03,19.4,92,75,12.75
1557551123,5969785,Hamilton,CA,43.26,-79.87,40.32,86,5,3.36
1557550948,3652462,San Cristobal,EC,-0.39,-78.55,48.25,93,75,2.86
1557551149,964432,Port Alfred,ZA,-33.59,26.89,62.01,73,0,5.26
1557549000,2064735,Nhulunbuy,AU,-12.18,136.78,78.8,65,75,18.34
1557551192,3839307,Rawson,AR,-43.3,-65.11,53.45,50,59,13.31
1557547200,6068416,Mayo,CA,63.59,-135.9,62.6,21,75,9.17
1557550948,2267254,Lagoa,PT,37.14,-8.45,57.69,72,0,5.82
1557551193,6972233,Wencheng,CN,27.79,120.09,76.67,56,43,3.87
1557551194,2287790,Issia,CI,6.49,-6.58,74.15,99,99,2.1
1557549000,1735076,Butterworth,MY,5.4,100.37,88.29,70,75,4.7
1557551194,3385899,Tutoia,BR,-2.76,-42.27,74.51,97,100,2.91
1557547200,3899539,Antofagasta,CL,-23.65,-70.4,57.2,82,90,8.05
1557547200,3386213,Touros,BR,-5.2,-35.46,75.2,100,40,4.7
1557551012,5848280,Kapaa,US,22.08,-159.32,76.1,78,75,19.46
1557551196,3439525,Young,UY,-32.7,-57.63,51.29,90,0,6.89
1557551176,2155415,New Norfolk,AU,-42.78,147.06,58.62,38,75,8.05
1557546600,3421719,Narsaq,GL,60.91,-46.05,37.4,91,51,1.12
1557547200,3896218,Castro,CL,-42.48,-73.76,51.8,100,90,14.99
1557551198,4021858,Guerrero Negro,MX,27.97,-114.04,62.63,82,0,11.7
1557551198,2038067,Chifeng,CN,42.27,118.96,72.17,25,100,15.84
1557549000,1490256,Talnakh,RU,69.49,88.39,32.0,95,75,6.71
1557551199,2094342,Kavieng,PG,-2.57,150.8,84.41,74,95,9.84
1557549000,292968,Abu Dhabi,AE,24.47,54.37,90.84,40,5,2.24
1557551200,2436400,Ati,TD,13.21,18.34,90.53,11,37,13.24
1557551163,6138908,Saint-Philippe,CA,45.36,-73.48,49.17,81,90,11.41
1557551147,4566103,Luquillo,PR,18.37,-65.72,76.3,78,20,5.82
1557550972,5983720,Iqaluit,CA,63.75,-68.52,32.0,87,90,25.28
1557547200,3927774,Tarata,PE,-17.47,-70.03,60.8,77,90,2.24
1557551201,3443061,Chuy,UY,-33.69,-53.46,59.21,81,0,14.38
1557551202,1253628,Lata,IN,30.78,78.62,39.59,67,100,9.62
1557547200,3374083,Bathsheba,BB,13.22,-59.52,80.6,83,40,18.34
1557549000,4035715,Avarua,CK,-21.21,-159.78,78.8,83,93,4.7
1557551103,2639989,Port Talbot,GB,51.6,-3.79,43.32,93,15,6.93
1557551054,5856516,Ahuimanu,US,21.44,-157.84,76.93,57,75,6.93
1557549000,6452235,Ajaccio,FR,41.93,8.74,57.18,82,90,4.7
1557547200,3378644,Georgetown,GY,6.8,-58.16,77.0,100,40,6.93
1557547200,1153269,Hua Hin,TH,12.57,99.96,91.4,55,20,8.05
1557551205,2026023,Bukachacha,RU,52.99,116.91,50.03,19,83,5.3
1557551046,1106643,Quatre Cocos,MU,-20.21,57.76,77.47,53,75,11.41
1557550380,5880568,Bethel,US,60.79,-161.76,50.47,81,90,10.29
1557551149,4372777,Vardo,US,39.62,-77.74,62.71,100,1,5.28
1557551108,2036338,Kaitong,CN,44.81,123.15,86.93,14,33,16.08
1557550815,187896,Mandera,ET,3.94,41.86,84.99,14,71,1.01
1557550884,3372760,Praia da Vitoria,PT,38.73,-27.07,64.69,100,75,29.39
1557550887,3671497,Puerto Colombia,CO,10.99,-74.96,78.44,94,75,2.24
1557550903,1015776,Bredasdorp,ZA,-34.53,20.04,52.75,93,73,3.36
1557549000,2142316,Yeppoon,AU,-23.13,150.74,77.0,15,38,16.11
1557551209,2015306,Tiksi,RU,71.64,128.87,23.03,87,68,14.05
1557551209,1253638,Utraula,IN,27.32,82.42,106.91,9,3,6.71
1557550926,2016907,Severomuysk,RU,56.17,113.57,26.27,87,95,5.59
1557547200,3860443,Comodoro Rivadavia,AR,-45.87,-67.48,62.6,45,0,29.97
1557551210,2125711,Esso,RU,55.93,158.7,43.91,54,3,4.03
1557551126,3893629,Coquimbo,CL,-29.95,-71.34,50.0,93,20,2.24
1557550936,2163355,Hobart,AU,-42.88,147.33,58.62,38,75,8.05
1557551211,1337605,Mahibadhoo,MV,3.78,72.97,85.67,66,44,3.91
1557550877,2185329,Waipawa,NZ,-39.94,176.59,60.01,77,68,2.46
1557551212,2126123,Chokurdakh,RU,70.62,147.9,20.69,92,9,6.58
1557550955,1282256,Hithadhoo,MV,-0.6,73.08,85.31,66,18,5.95
1557551212,1629001,Samarinda,ID,-0.5,117.14,93.23,52,100,3.15
1557551213,588365,Vao,EE,59.1,26.19,52.37,78,98,3.4
1557550781,5983430,Innisfail,CA,52.02,-113.95,51.1,43,20,9.17
1557551214,4034551,Faanui,PF,-16.48,-151.75,83.33,78,93,11.68
1557551214,64814,Bandarbeyla,SO,9.49,50.81,86.93,57,100,12.46
1557551215,1633419,Padang,ID,-0.92,100.36,83.15,73,55,5.1
1557551215,1082243,Ambilobe,MG,-13.19,49.05,82.43,64,23,12.15
1557551216,1786538,Yining,CN,29.04,114.56,91.79,34,0,1.59
1557547200,6165406,Thompson,CA,55.74,-97.86,51.8,37,75,11.41
1557548100,6050066,La Ronge,CA,55.1,-105.3,42.8,100,90,4.7
1557551167,3461425,Ilhabela,BR,-23.78,-45.36,78.11,77,100,8.66
1557549000,584365,Abrau-Dyurso,RU,44.7,37.6,55.09,100,90,2.24
1557551218,1326105,Falam,MM,22.91,93.68,90.89,16,0,7.36
1557551218,1178338,Gilgit,PK,35.92,74.31,39.05,60,94,3.74
1557551218,2125693,Evensk,RU,61.92,159.24,49.67,49,4,10.38
1557549000,2548885,Fez,MA,34.03,-5.02,56.08,93,0,8.05
1557551149,3038789,Abbeville,FR,50.11,1.83,48.87,93,93,4.7
1557549000,2068655,Katherine,AU,-14.47,132.26,77.0,20,85,14.99
1557551222,3894483,Cochrane,CL,-47.25,-72.57,40.49,93,83,4.9
1557551222,3832899,Viedma,AR,-40.81,-62.99,50.03,72,0,8.12
1557548100,3050785,Kadarkut,HU,46.24,17.62,44.6,100,5,1.66
1557551223,3418910,Upernavik,GL,72.79,-56.15,27.71,88,100,1.9
1557550800,6320062,Vila Velha,BR,-3.71,-38.6,78.98,83,0,5.82
1557551224,554830,Izhma,RU,65.01,53.91,55.61,45,16,5.06
1557551224,3437547,Pedro Juan Caballero,PY,-22.55,-55.74,76.85,66,65,7.49
1557551186,3465713,Conde,BR,-11.81,-37.61,71.09,98,1,2.28
1557551225,3354077,Opuwo,NA,-18.06,13.84,68.21,33,0,6.15
1557551225,2229748,Kumbo,CM,6.21,10.69,66.41,82,82,1.1
1557549000,2122104,Petropavlovsk-Kamchatskiy,RU,53.05,158.65,44.6,70,20,15.66
1557550806,2180815,Tuatapere,NZ,-46.13,167.69,60.01,71,99,0.72
1557547200,6113406,Prince Rupert,CA,54.32,-130.32,48.2,87,90,4.7
1557551104,3186294,Zupanja,HR,45.08,18.7,50.2,93,0,4.7
1557551171,3115824,Muros,ES,42.77,-9.06,49.35,93,90,2.75
1557551188,4696310,Harper,US,30.3,-99.24,55.15,93,90,5.3
1557551228,778707,Mehamn,NO,71.03,27.85,37.61,94,100,15.37
1557551228,1277397,Banda,IN,25.47,80.33,105.11,13,17,9.19
1557547208,3652764,Puerto Ayora,EC,-0.74,-90.35,75.99,94,69,7.2
1557551229,1514581,Angren,UZ,41.01,70.08,74.51,22,49,4.23
1557547200,3373652,Oistins,BB,13.07,-59.53,80.6,83,40,18.34
1557546600,286621,Salalah,OM,17.01,54.1,84.2,74,20,5.82
1557549000,1735106,George Town,MY,5.42,100.33,88.29,70,75,4.7
1557551104,3190586,Paka,HR,45.29,18.06,51.98,93,0,4.7
1557551018,5962442,Goderich,CA,43.74,-81.71,38.12,86,18,8.48
1557551231,2316748,Bolobo,CD,-2.17,16.23,75.77,81,100,1.3
1557551232,3421765,Nanortalik,GL,60.14,-45.24,33.65,81,46,3.33
1557551225,2995603,Saint-Pierre,FR,48.95,4.24,52.75,93,99,21.92
1557551233,1626542,Sorong,ID,-0.86,131.25,89.09,62,37,5.61
1557551233,2396853,Omboue,GA,-1.57,9.26,80.27,80,100,5.73
1557551234,344979,Lebu,ET,8.96,38.73,64.97,45,36,4.9
1557551234,3840092,Puerto Madryn,AR,-42.77,-65.04,56.15,47,33,11.45
1557551234,3883167,Linares,CL,-35.85,-71.6,46.97,84,0,4.59
1557548400,262462,Saint George,GR,39.45,22.34,52.34,76,20,3.36
1557551207,755889,Wieliczka,PL,49.98,20.06,50.52,87,40,4.7
1557551174,2176639,Batemans Bay,AU,-35.71,150.18,60.19,49,1,4.0
1557549000,2033675,Xinmin,CN,42.0,122.83,82.4,14,0,8.95
1557551236,4013704,Laguna,MX,27.52,-110.01,72.17,42,0,4.34
1557551237,3402648,Carutapera,BR,-1.2,-46.02,77.21,94,100,5.53
1557549000,1645528,Denpasar,ID,-8.65,115.22,84.2,74,20,17.22
1557548400,2524546,Guspini,IT,39.54,8.63,58.01,93,40,9.17
1557547200,6089245,Norman Wells,CA,65.28,-126.83,50.0,46,90,17.22
1557551133,3622854,Miramar,CR,10.09,-84.73,69.3,94,0,2.24
1557550800,3871336,Santiago,CL,-33.44,-70.65,44.6,75,0,2.15
1557547200,3899361,Arica,CL,-18.48,-70.32,62.4,72,90,4.7
1557551240,2347758,Bara,NG,10.41,10.6,84.77,52,75,4.05
1557551240,3471451,Arraial do Cabo,BR,-22.97,-42.02,74.87,79,89,15.35
1557551241,2014078,Urusha,RU,54.05,122.9,56.33,26,100,5.93
1557551046,934649,Cap Malheureux,MU,-19.98,57.61,77.4,53,75,11.41
1557551242,2420826,Gaoual,GN,11.75,-13.2,78.83,71,0,5.82
1557550758,1278602,Angamali,IN,10.2,76.4,93.4,66,40,6.93
1557547200,110690,Faya,SA,18.39,42.45,64.4,59,5,4.7
1557551243,2082539,Merauke,ID,-8.49,140.4,82.43,73,28,15.55
1557547200,359783,Asyut,EG,27.18,31.19,62.6,51,0,11.41
1557551201,458892,Kegums,LV,56.75,24.72,49.57,87,0,2.24
1557549000,511196,Perm,RU,58.02,56.25,73.4,43,0,11.18
1557550981,656688,Imatra,FI,61.17,28.77,51.96,93,90,2.24
1557551245,1504382,Kargasok,RU,59.06,80.87,55.97,27,41,10.31
1557551245,2063039,Port Keats,AU,-14.25,129.55,80.27,31,60,15.77
1557551245,1789065,Ankang,CN,32.73,108.99,81.35,37,0,4.76
1557551068,2669047,Timra,SE,62.49,17.33,41.68,75,8,4.16
1557547200,2508813,Adrar,DZ,27.87,-0.29,78.8,5,0,11.41
1557547200,1863521,Gotsu,JP,35.01,132.22,66.2,77,20,6.93
1557551174,5915327,Cap-aux-Meules,CA,47.38,-61.86,37.07,92,100,14.9
1557551243,6094391,Ormstown,CA,45.13,-73.99,49.21,81,90,11.41
1557549000,569615,Chekalin,RU,54.1,36.24,55.4,87,90,15.66
1557551247,2025286,Chuguyevka,RU,44.17,133.87,72.89,26,0,5.32
1557551248,1082639,Ambatondrazaka,MG,-17.82,48.43,66.95,78,77,4.54
1557551026,5312476,Safford,US,32.83,-109.71,60.48,37,75,8.05
1557550200,7671223,Kloulklubed,PW,7.04,134.26,86.0,74,75,8.05
1557548220,6355222,Yulara,AU,-25.24,130.99,66.2,29,0,17.22
1557551249,215771,Isiro,CD,2.77,27.62,69.47,98,100,3.67
1557551249,3437029,San Patricio,PY,-26.98,-56.83,62.99,96,99,10.51
1557547200,5924351,Clyde River,CA,70.47,-68.59,26.6,100,90,11.41
1557551250,2232283,Nkan,CM,2.95,11.22,68.57,98,100,1.32
1557551251,2127060,Arman,RU,59.7,150.17,58.31,43,26,6.2
1557551251,1808534,Helong,CN,25.94,116.13,82.97,54,13,4.09
1557551251,3938531,Iberia,PE,-11.41,-69.49,77.75,77,88,2.42
1557551252,1001736,Glencoe,ZA,-28.17,30.16,55.07,50,0,1.79
1557547200,6078372,Moose Factory,CA,51.26,-80.61,37.4,86,90,8.05
1557551252,240498,Bangassou,CF,4.74,22.82,72.35,93,94,4.83
1557550582,3416888,Grindavik,IS,63.84,-22.43,30.65,62,40,17.22
1557550856,1701054,Marawi,PH,8.0,124.29,84.99,80,19,7.0
1557551176,4868907,Newton,US,41.7,-93.05,50.92,76,1,5.82
1557551225,3082704,Walcz,PL,53.28,16.47,47.03,93,8,4.65
1557551254,1337610,Thinadhoo,MV,0.53,72.93,85.13,66,44,2.51
1557549572,1865309,Katsuura,JP,33.93,134.5,77.9,31,20,11.41
1557551255,1688687,San Quintin,PH,17.54,120.52,90.53,53,100,7.49
1557551255,523392,Naryan-Mar,RU,67.67,53.09,34.37,100,94,7.58
1557551146,1485724,Talaya,RU,55.79,84.89,49.69,57,20,8.95
1557551256,3659139,Melilla,EC,-0.8,-80.23,74.69,84,79,1.9
1557551085,3576994,Cockburn Town,TC,21.46,-71.14,78.47,81,2,18.01
1557550984,1852357,Shimoda,JP,34.7,138.93,72.75,64,40,6.93
1557551257,6096551,Pangnirtung,CA,66.15,-65.72,31.67,69,95,6.24
1557547369,3421319,Nuuk,GL,64.17,-51.74,33.31,100,31,8.05
1557547800,1244926,Hambantota,LK,6.12,81.12,87.8,79,40,11.41
1557551110,5861897,Fairbanks,US,64.84,-147.72,55.58,33,75,6.93
1557551258,3653967,Muisne,EC,0.61,-80.02,80.45,80,100,7.61
1557551259,344420,Aksum,ET,14.12,38.72,75.23,32,4,7.43
1557547200,2377457,Nouadhibou,MR,20.93,-17.03,64.4,88,0,18.34
1557551259,2126785,Belaya Gora,RU,68.54,146.19,37.07,100,100,4.5
1557551240,3037456,Saint-Joseph,FR,43.56,6.97,56.77,93,0,3.36
1557551260,916246,Kabompo,ZM,-13.6,24.21,62.09,66,92,7.23
1557551110,662767,Varghis,RO,46.13,25.53,48.67,95,100,3.04
1557551261,559475,Gorodovikovsk,RU,46.08,41.93,63.53,64,25,7.94
1557550906,3991347,Puerto Penasco,MX,31.32,-113.53,69.01,70,0,21.0
1557551262,580676,Asekeyevo,RU,53.57,52.8,76.85,55,0,9.24
1557550800,3397963,Itamaraca,BR,-7.75,-34.83,75.78,94,75,5.82
1557551169,3026644,Souillac,FR,45.6,-0.6,52.56,87,75,9.17
1557551263,565456,Dolzhanskaya,RU,46.63,37.8,55.61,81,99,10.38
1557550947,6167817,Torbay,CA,47.66,-52.73,33.53,86,90,8.05
1557550997,1254046,Tura,IN,25.52,90.21,90.35,62,17,10.02
1557551264,1797543,Tianpeng,CN,28.88,112.34,88.37,35,0,2.48
1557551228,1788852,Xining,CN,36.62,101.77,64.99,33,4,19.39
1557549000,1263942,Manavalakurichi,IN,8.13,77.3,91.4,63,40,8.05
1557551265,3374210,Sao Filipe,CV,14.9,-24.5,73.07,83,0,15.93
1557551265,2088163,Popondetta,PG,-8.77,148.24,80.99,55,44,3.04
1557549000,1519422,Semey,KZ,50.41,80.25,62.6,17,0,8.95
1557551266,1788268,Dongsheng,CN,29.72,112.52,87.65,31,32,4.79
1557547200,518418,Novoorsk,RU,51.38,58.98,66.2,59,0,4.47
1557550800,1636022,Martapura,ID,-3.41,114.85,89.6,59,20,9.17
1557551267,3466165,Cidreira,BR,-30.17,-50.22,69.83,90,100,5.23
1557549000,2063042,Port Hedland,AU,-20.31,118.58,80.6,18,0,16.11
1557547200,53654,Mogadishu,SO,2.04,45.34,86.0,70,75,8.05
1557551224,4219001,Riverdale,US,33.57,-84.41,69.4,94,90,5.82
1557551269,2016735,Sherlovaya Gora,RU,50.53,116.31,46.79,17,100,7.92
1557551232,2616172,Nordby,DK,55.45,8.41,38.28,93,0,3.36
1557551105,2635199,Ullapool,GB,57.9,-5.16,33.42,90,0,5.37
1557551270,1529651,Altay,CN,47.83,88.13,45.53,21,17,4.0
1557551270,2012530,Zhigansk,RU,66.77,123.37,32.21,77,100,14.92
1557551271,1492466,Shalinskoye,RU,55.72,93.76,49.31,38,100,12.26
1557551159,1256119,Sinnar,IN,19.85,74.0,92.69,20,0,8.05
1557551271,2090021,Namatanai,PG,-3.66,152.44,81.71,74,91,6.46
1557549000,682117,Chilia Veche,UA,45.41,29.29,53.85,93,74,10.29
1557551272,2017155,Saskylakh,RU,71.97,114.09,26.27,89,99,9.04
1557551272,964712,Plettenberg Bay,ZA,-34.05,23.37,62.99,40,0,2.82
1557551273,235826,Zemio,CF,5.02,25.13,77.03,76,97,3.6
1557547200,2128975,Nemuro,JP,43.32,145.57,46.4,61,75,9.17
1557551273,1529484,Hami,CN,42.84,93.51,60.29,9,70,25.17
1557551109,4004293,Ixtapa,MX,20.71,-105.21,75.11,78,5,8.03
1557551104,3132644,Varhaug,NO,58.61,5.65,41.83,81,20,13.87
1557547200,5960603,Geraldton,CA,49.72,-86.95,33.8,69,75,4.7
1557551275,2126710,Beringovskiy,RU,63.05,179.32,27.71,89,90,8.41
1557550998,1990589,Teluknaga,ID,-6.1,106.64,85.53,66,20,10.29
1557551222,4732862,Nome,US,30.04,-94.42,68.65,94,1,5.5
1557547200,6111862,Port Hardy,CA,50.7,-127.42,57.2,71,40,5.82
1557547200,3355672,Luderitz,NA,-26.65,15.16,60.8,38,0,3.36
1557551277,3867427,Mayor Pablo Lagerenza,PY,-19.93,-60.77,70.01,94,95,8.81
1557551239,1490085,Tarko-Sale,RU,64.92,77.78,39.0,67,91,5.01
1557549000,583683,Aksarayskiy,RU,46.79,48.01,62.6,77,0,8.95
1557551278,2018896,Novopavlovka,RU,51.21,109.22,41.75,30,55,10.87
1557551279,490040,Sovetskiy,RU,56.76,48.47,73.61,57,0,13.82
1557551279,1486321,Yar-Sale,RU,66.83,70.83,34.19,77,42,19.46
1557550866,3489657,Lucea,JM,18.44,-78.17,78.48,69,20,4.7
1557551280,305681,Kumluca,TR,36.37,30.29,46.79,93,100,4.9
1557550889,4267710,Sitka,US,37.17,-99.65,46.0,94,100,3.0
1557551280,1259047,Jian,IN,25.65,87.89,100.79,36,0,5.93
1557551281,2027277,Babstovo,RU,48.12,132.48,65.87,29,1,9.69
1557551281,2119626,Yagodnoye,RU,62.52,149.63,57.05,35,4,7.58
1557551271,4231997,Avera,US,33.19,-82.53,70.43,94,1,6.93
1557551271,3164565,Vila,IT,45.18,8.4,54.37,100,40,4.7
1557547200,1160939,Iranshahr,IR,27.21,60.69,89.6,27,0,8.03
1557551283,915471,Kalabo,ZM,-15.0,22.67,63.71,50,0,7.76
1557551247,2656708,Ayr,GB,55.46,-4.63,35.64,100,40,3.36
1557550929,5540831,Hurricane,US,37.18,-113.29,53.02,93,40,6.46
1557551284,1486910,Komsomolskiy,RU,67.55,63.78,29.69,93,96,7.7
1557549000,146639,Lasa,CY,34.92,32.53,60.8,77,20,6.93
1557549000,551847,Kaspiysk,RU,42.88,47.64,62.19,72,99,13.42
1557551285,2037069,Hailun,CN,47.46,126.97,83.69,18,100,12.64
1557551286,2013639,Verkhnevilyuysk,RU,63.45,120.31,39.59,70,100,7.09
1557551286,3645528,Ciudad Guayana,VE,8.32,-62.69,78.65,82,85,9.69
1557551286,1067565,Beloha,MG,-25.17,45.06,72.53,70,1,3.4
1557551287,1512019,Aksarka,RU,66.56,67.8,33.47,83,56,15.21
1557551150,3985710,Cabo San Lucas,MX,22.89,-109.91,69.64,78,5,5.82
1557551287,964406,Port Shepstone,ZA,-30.74,30.45,57.59,62,0,5.01
1557550800,3663516,Parana,BR,-7.52,-72.89,75.2,100,0,2.48
1557549000,1513087,Nurota,UZ,40.56,65.69,84.2,35,0,6.93
1557551169,2517679,Fortuna,ES,38.18,-1.13,66.87,60,0,6.93
1557547200,4036284,Alofi,NU,-19.06,-169.92,77.0,73,6,8.05
1557550200,2729907,Longyearbyen,NO,78.22,15.63,24.8,68,20,17.22
1557550817,2023469,Markova,RU,52.21,104.21,42.17,39,75,13.42
1557551290,2460954,Araouane,ML,18.9,-3.53,82.79,5,0,8.61
1557551290,2092164,Lorengau,PG,-2.02,147.27,81.71,86,65,7.47
1557551291,72181,Marzuq,YE,14.4,46.47,84.05,11,10,6.53
1557551291,2126682,Bilibino,RU,68.06,166.44,30.59,94,94,1.63
1557551194,3119841,Beira,ES,43.2,-8.36,49.84,93,40,5.82
1557551292,2449893,Tessalit,ML,20.2,1.01,84.41,7,0,4.43
1557551292,1159384,Taybad,IR,34.74,60.78,81.17,16,91,8.86
1557550900,3932145,Pisco,PE,-13.71,-76.2,64.2,93,25,1.12
1557551293,1260206,Pasighat,IN,28.06,95.33,70.73,87,99,2.86
1557551293,1514792,Gazojak,TM,41.19,61.4,93.05,10,7,10.09
1557551293,1519030,Shu,KZ,43.6,73.76,77.75,31,42,10.98
1557551294,1527121,Tyup,KG,42.73,78.36,45.89,60,32,4.7
1557550923,4632595,Jackson,US,35.61,-88.82,57.06,100,90,5.82
1557551294,2028164,Deputatskiy,RU,69.3,139.9,31.31,98,93,8.43
1557551294,3629614,Punta Cardon,VE,11.61,-70.22,80.99,83,100,17.96
1557551295,3939470,Huancavelica,PE,-12.79,-74.97,30.59,84,0,3.76
1557551295,2147518,Tambo,AU,-24.88,146.25,64.79,27,0,20.22
1557551296,57000,Hobyo,SO,5.35,48.53,85.67,68,60,11.72
1557546000,3533462,Acapulco,MX,16.86,-99.88,78.8,83,40,8.05
1557549000,1273294,Dwarka,IN,28.58,77.04,93.24,31,0,6.93
1557549000,755474,Wlodawa,PL,51.55,23.55,48.51,100,99,3.36
1557551146,5859699,College,US,64.86,-147.8,54.82,33,75,6.93
1557549000,787487,Poum,MK,41.28,20.71,41.0,86,0,3.36
1557551298,3514454,Xochihuehuetlan,MX,17.92,-98.43,75.77,56,0,3.02
1557551298,3393471,Oriximina,BR,-1.77,-55.87,76.85,91,100,3.42
1557551261,3038271,Albert,FR,50.0,2.65,49.12,93,100,8.05
1557551236,2035715,Mudanjiang,CN,44.58,129.6,77.03,29,64,5.37
1557551299,2121025,Srednekolymsk,RU,67.46,153.71,45.89,62,63,9.78
1557551299,491019,Sol-Iletsk,RU,51.16,55.0,79.91,35,0,7.76
1557551299,301539,Sarkikaraagac,TR,38.08,31.37,45.53,79,85,4.18
1557551300,3662342,Sao Gabriel da Cachoeira,BR,-0.13,-67.09,73.07,99,100,1.41
1557551300,2121385,Severo-Kurilsk,RU,50.68,156.12,38.33,83,76,24.56
1557551227,128008,Khalkhal,IR,37.62,48.53,53.99,43,37,9.28
1557551301,1879613,Anju,KP,39.62,125.66,71.81,39,79,10.94
1557547200,2477537,Tazmalt,DZ,36.39,4.4,60.8,93,0,11.41
1557551294,2639577,Blackwater,GB,51.33,-0.78,45.82,93,90,3.36
1557550839,5742974,North Bend,US,43.41,-124.22,51.53,93,1,8.59
1557551302,1623197,Tual,ID,-5.67,132.75,84.41,74,67,14.52
1557547200,1655559,Luang Prabang,LA,19.89,102.14,93.2,52,75,4.7
1557551303,2027109,Barguzin,RU,53.62,109.63,31.31,70,66,8.21
1557547200,2136825,Isangel,VU,-19.55,169.27,84.2,70,75,13.87
1557550800,2028462,Ulaanbaatar,MN,47.92,106.92,37.4,32,75,15.66
1557551304,2015701,Taksimo,RU,56.36,114.84,38.51,49,86,8.05
1557551304,1122464,Taywarah,AF,33.35,64.42,68.39,20,0,3.49
1557551094,5991284,Kerrobert,CA,51.92,-109.14,38.16,86,40,6.93
1557546600,3423146,Ilulissat,GL,69.22,-51.1,32.0,72,17,3.36
1557551306,2037346,Fuxin,CN,42.02,121.65,81.53,17,0,16.11
1557547200,5921525,Mackay,CA,53.65,-115.58,56.3,24,20,3.36
1557551306,2281120,Tabou,CI,4.42,-7.36,75.95,96,100,2.37
1557549000,2023377,Ivolginsk,RU,51.75,107.28,44.6,33,40,17.9
1557551212,3385935,Tucurui,BR,-3.77,-49.67,74.15,98,100,1.92
1557549000,1267390,Kavaratti,IN,10.57,72.64,87.8,66,40,9.17
1557551308,2025261,Chulman,RU,56.84,124.9,48.05,33,87,11.68
1557551224,5934709,Dalmeny,CA,52.34,-106.77,47.1,70,40,13.87
1557551309,1293625,Dawei,MM,14.07,98.19,87.83,67,100,10.96
1557551309,3393106,Paragominas,BR,-3.0,-47.35,73.61,99,100,1.63
1557551311,1689639,San Isidro,PH,16.74,121.63,87.47,71,99,5.95
1557551311,1013076,Colesberg,ZA,-30.72,25.1,52.73,42,0,2.37
1557551312,1489822,Teguldet,RU,57.31,88.17,49.31,49,100,11.92
1557551019,5563397,Eureka,US,40.8,-124.16,50.05,100,40,9.17
1557551065,3680857,Hispania,CO,5.8,-75.91,58.37,100,40,2.24
1557551084,2110743,Tomobe,JP,36.35,140.3,79.56,50,75,12.75
1557551314,1258338,Ratnagiri,IN,16.98,73.3,83.15,80,45,14.74
1557551107,3573739,Esperance,TT,10.24,-61.45,79.21,88,20,8.05
1557551284,2189343,Kaeo,NZ,-35.1,173.78,65.98,100,22,5.5
1557551315,1213855,Sibolga,ID,1.74,98.78,84.05,68,100,3.89
1557551315,5969025,Haines Junction,CA,60.75,-137.51,40.31,49,11,9.17
1557550905,5905393,Bonavista,CA,48.65,-53.11,34.0,88,1,3.0
1557547200,1653316,Savannakhet,TH,16.57,104.76,87.8,66,75,2.24
1557551156,6111867,Port Hawkesbury,CA,45.62,-61.36,38.08,93,90,6.93
1557551316,3625346,Villa Bruzual,VE,9.33,-69.12,67.85,82,71,3.38
1557550997,5380437,Pacific Grove,US,36.62,-121.92,57.2,72,1,6.93
1557551317,3379316,Bonfim,GY,3.36,-59.84,80.81,70,100,9.57
1557551317,1707233,Larap,PH,14.3,122.65,87.29,65,56,4.18
1557549000,2253354,Dakar,SN,14.69,-17.45,68.0,88,90,8.05
1557551217,2057087,Kupang,ID,-10.16,123.6,82.07,72,41,19.8
1557550992,5746545,Portland,US,45.52,-122.67,68.31,30,1,4.38
1557547200,2027296,Aykhal,RU,65.95,111.51,35.6,40,0,2.24
1557550828,3866163,Alta Gracia,AR,-31.66,-64.43,47.08,93,0,6.93
1557547200,6148373,Sioux Lookout,CA,50.1,-91.92,37.49,53,20,3.36
1557549000,1785974,Yuci,CN,37.68,112.73,73.4,28,40,8.95
1557551012,5786882,Bellevue,US,47.61,-122.19,68.23,27,1,3.36
1557551324,932035,Teyateyaneng,LS,-29.15,27.74,50.75,53,0,0.27
1557551325,2270755,Borba,PT,38.81,-7.46,49.67,91,0,4.38
1557551169,3031582,Saint-Augustin,FR,44.83,-0.61,54.01,93,75,9.17
1557551043,4944903,Nantucket,US,41.28,-70.1,55.71,100,90,12.75
1557550080,8010472,Belmonte,PT,40.36,-7.35,51.01,89,46,1.01
1557551321,4787534,Sterling,US,39.0,-77.4,64.45,100,1,6.24
1557551263,4470244,Havelock,US,34.88,-76.9,72.52,83,90,4.7
1557551327,3620661,Bocana de Paiwas,NI,12.79,-85.12,73.25,93,99,2.3
1557551105,3936456,Lima,PE,-12.06,-77.04,66.72,88,90,5.82
1557551328,87205,Darnah,LY,32.77,22.64,63.89,86,10,17.27
1557551328,1066831,Beroroha,MG,-21.68,45.17,77.21,59,0,1.03
1557551300,2520645,Cabra,ES,37.47,-4.43,56.57,82,0,3.29
1557551329,1511646,Andra,RU,62.52,65.89,56.33,26,26,1.63
1557551329,3389822,Salinopolis,BR,-0.61,-47.36,82.43,81,100,14.65
1557551095,5380420,Pacifica,US,37.61,-122.49,55.78,87,20,3.71
1557551035,2260535,Brazzaville,CD,-4.27,15.27,75.41,89,100,1.95
1557551330,3664321,Eirunepe,BR,-6.66,-69.87,72.53,95,97,2.35
1557551331,1540711,Muravlenko,RU,63.79,74.5,34.55,85,63,16.24
1557547200,132938,Gonbad-e Qabus,IR,37.25,55.17,71.6,73,75,9.17
1557551331,3901903,Uyuni,BO,-20.46,-66.82,40.31,39,14,9.22
1557547200,3838859,Rio Gallegos,AR,-51.62,-69.22,42.8,58,0,18.34
1557551332,3491161,Bull Savanna,JM,17.89,-77.59,80.27,75,0,10.11
1557547200,107304,Buraydah,SA,26.33,43.97,71.6,35,20,10.29
1557551333,1507390,Dikson,RU,73.51,80.55,22.67,90,66,16.62
1557551111,3436199,Azul,AR,-36.78,-59.86,52.0,91,72,12.59
1557551210,1850144,Nishihara,JP,35.74,139.53,79.79,47,75,6.93
1557549000,1733782,Victoria,BN,5.28,115.24,87.37,70,75,3.36
1557551334,2039557,Khasan,RU,42.43,130.64,59.39,55,94,7.49
1557551138,2264923,Peniche,PT,39.36,-9.38,55.83,87,0,5.82
1557550884,952747,Standerton,ZA,-26.94,29.24,44.01,96,0,0.76
1557551336,2017215,Sangar,RU,63.92,127.47,55.61,40,63,13.06
1557551336,3939761,Hualmay,PE,-11.1,-77.61,66.05,92,20,18.23
1557547200,3838233,Salta,AR,-24.79,-65.41,57.47,87,90,2.24
1557547200,3870282,Talcahuano,CL,-36.72,-73.12,46.4,100,75,2.24
1557546600,315202,Eskisehir,TR,39.78,30.52,48.09,100,75,4.7
1557551337,3657661,Gualaquiza,EC,-3.4,-78.58,50.75,97,59,1.07
1557551338,780687,Berlevag,NO,70.86,29.09,39.77,89,100,26.11
1557551338,1686004,Sitangkai,PH,4.66,119.39,85.67,69,57,6.13
1557551338,1214724,Langsa,ID,4.47,97.97,85.67,62,100,4.76
1557550805,2152659,Port Macquarie,AU,-31.43,152.91,69.39,37,40,17.22
1557551339,1803936,Wuwei,CN,37.93,102.64,70.01,19,1,13.29
1557551340,986717,Kruisfontein,ZA,-34.0,24.73,58.85,56,0,3.71
1557550895,3430443,Necochea,AR,-38.55,-58.74,57.99,83,99,5.99
1557551122,5606187,Saint Anthony,US,43.97,-111.68,48.81,37,1,3.33
1557551341,3939168,Huarmey,PE,-10.07,-78.15,66.41,92,29,17.92
1557547200,1852003,Shiojiri,JP,36.12,137.95,77.0,20,40,11.41
1557551341,1337619,Ugoofaaru,MV,5.67,73.0,85.85,67,37,6.26
1557551253,2765961,Schladming,AT,47.39,13.69,43.99,76,40,11.41
1557551342,694273,Shchors,UA,51.82,31.95,54.71,83,100,4.81
1557550200,638936,Rovaniemi,FI,66.5,25.72,39.2,100,90,4.7
1557551343,2737599,Saldanha,PT,41.42,-6.55,46.79,92,22,3.0
1557551046,934479,Grand Gaube,MU,-20.01,57.66,77.4,53,75,11.41
1557547200,1045114,Inhambane,MZ,-23.87,35.38,68.0,94,75,4.63
1557551344,4011743,Constitucion,MX,23.99,-104.67,48.95,52,0,8.05
1557551344,1724435,Siocon,PH,11.03,124.04,94.49,51,54,2.98
1557551169,3027763,Cestas,FR,44.74,-0.68,54.01,93,75,9.17
1557551345,286987,Nizwa,OM,22.93,57.53,87.29,24,0,6.55
1557551346,2456917,Goundam,ML,16.42,-3.66,85.13,9,0,11.41
1557551150,3128382,Palomares,ES,40.39,-5.74,43.97,93,0,4.7
1557551346,145531,Saurimo,AO,-9.66,20.4,66.41,57,99,6.98
1557550883,3523663,Mama,MX,20.48,-89.36,83.28,58,5,16.11
1557551347,3453150,Ponta Pora,BR,-22.54,-55.73,76.85,66,65,7.49
1557551347,3386467,Terra Santa,BR,-2.1,-56.49,74.69,97,100,1.9
1557551348,3419842,Sisimiut,GL,66.94,-53.67,31.85,89,23,2.15
1557551348,3390700,Regeneracao,BR,-6.24,-42.69,73.97,86,100,2.44
1557550904,2156927,Moree,AU,-29.46,149.84,59.85,48,75,13.87
1557551348,485351,Syamzha,RU,60.02,41.06,72.71,50,9,12.5
1557550818,3133895,Tromso,NO,69.65,18.96,44.71,65,0,14.99
1557551349,3440777,Rocha,UY,-34.48,-54.34,54.53,85,0,10.38
1557551350,2094027,Kieta,PG,-6.22,155.63,88.55,51,95,1.12
1557550940,5949493,Espanola,CA,46.27,-81.77,34.0,86,54,4.03
1557551113,2176088,San Remo,AU,-33.21,151.52,68.72,37,75,17.22
1557551350,1485634,Yuzhnouralsk,RU,54.44,61.27,75.59,39,87,2.93
1557549000,1253888,Ullal,IN,12.8,74.85,89.6,62,40,10.29
1557550859,2980080,Saint-Francois,FR,46.42,3.91,55.17,76,93,5.82
1557551352,2392837,Malanville,NE,11.86,3.39,89.09,45,91,8.41
1557551352,1253958,Udgir,IN,18.39,77.12,90.17,22,82,11.01
1557551070,3664525,Codajas,BR,-3.84,-62.06,75.59,98,100,2.3
1557551352,946877,Uitenhage,ZA,-33.77,25.4,65.51,57,0,4.65
1557551353,916095,Kabwe,ZM,-14.44,28.44,64.79,76,75,10.49
1557551320,5771960,Brigham City,US,41.51,-112.02,48.29,37,1,3.36
1557547200,362973,Abnub,EG,27.27,31.15,62.6,51,0,11.41
1557551354,6050416,La Tuque,CA,47.44,-72.79,36.35,93,78,7.72
1557551354,712587,Novikovo,UA,45.05,34.56,54.71,77,95,5.23
1557551284,2991771,Guerande,FR,48.47,-4.17,45.91,93,75,4.7
1557551227,672016,Ocnita,RO,44.98,25.55,51.37,100,91,1.12
1557551355,4005370,Guadalupe y Calvo,MX,26.09,-106.96,42.47,97,1,4.63
1557551355,97783,Bayji,IQ,34.93,43.49,78.83,21,0,7.11
1557550931,3573374,The Valley,AI,18.22,-63.06,78.28,83,40,11.41
1557551356,741160,Oltu,TR,40.55,42.0,53.27,44,32,5.88
1557551348,2656847,Atherton,GB,53.52,-2.49,39.9,100,20,5.82
1557551357,1513990,Gazli,UZ,40.13,63.45,92.33,9,0,4.34
1557551311,3042661,Zagyvaszanto,HU,47.78,19.67,50.36,100,0,3.36
1557548400,299900,Talas,TR,38.69,35.55,48.2,76,75,5.06
1557551358,88533,Awjilah,LY,29.14,21.3,72.53,47,0,16.11
1557549000,3382160,Cayenne,GF,4.94,-52.33,80.6,83,90,9.17
1557550865,3591210,Pochuta,GT,14.55,-91.08,58.96,82,75,9.17
1557551359,2038342,Beipiao,CN,41.8,120.76,78.65,18,10,15.14
1557549000,1490796,Strezhevoy,RU,60.73,77.6,50.0,43,0,11.18
1557550818,3427833,Tandil,AR,-37.33,-59.14,55.0,89,94,13.0
1557547200,3683778,El Molino,CO,10.65,-72.92,78.8,78,40,11.41
1557547200,1805757,Jimo,CN,36.39,120.46,75.2,50,0,8.95
1557551107,778362,Oksfjord,NO,70.24,22.35,42.85,81,75,25.28
1557551343,380348,Abu Zabad,SD,12.35,29.25,88.91,10,38,17.83
1557551362,3354071,Oranjemund,ZA,-28.55,16.43,64.43,61,0,5.7
1557551362,2132606,Samarai,PG,-10.62,150.67,83.33,51,55,7.0
